{
    "TestShooter": {
        "BulletLifetime": 3.0,
        "BulletRadius": 0.30000001192092896,
        "BulletSpeed": 5.0,
        "Transform": {
            "Position": [
                0.0,
                2.200000047683716,
                0.0
            ],
            "Rotation": [
                0.0,
                0.0,
                0.0
            ],
            "Scale": [
                0.6000000238418579,
                0.6000000238418579,
                0.6000000238418579
            ]
        }
    }
}
