{
    "TestPlayer": {
        "ColliderRadius": 1.0,
        "Material": {
            "Color": [
                1.0,
                1.0,
                1.0,
                1.0
            ],
            "LightingMode": 3
        },
        "MoveSpeed": 5.0,
        "Transform": {
            "Position": [
                -4.699999809265137,
                1.2999999523162842,
                -0.7355302572250366
            ],
            "Rotation": [
                0.0,
                0.0,
                0.0
            ],
            "Scale": [
                1.0,
                1.0,
                1.0
            ]
        }
    }
}
