{
    "TitleTorch": {
        "distanceFromWall": 1.5,
        "globalColor": [
            0.21078431606292725,
            0.08679354935884476,
            0.0,
            1.0
        ],
        "globalScale": [
            1.5,
            3.0,
            1.5
        ],
        "position0": [
            11.5,
            7.0,
            -9.5
        ],
        "position1": [
            11.5,
            7.0,
            7.699999809265137
        ],
        "position2": [
            11.5,
            7.0,
            21.350000381469727
        ],
        "position3": [
            11.5,
            7.0,
            -21.299999237060547
        ],
        "position4": [
            -11.5,
            7.0,
            -9.5
        ],
        "position5": [
            -11.5,
            7.0,
            7.699999809265137
        ],
        "position6": [
            -11.5,
            7.0,
            21.350000381469727
        ],
        "position7": [
            -11.5,
            7.0,
            -21.299999237060547
        ],
        "rotation0": [
            0.0,
            3.1415927410125732,
            0.4363323152065277
        ],
        "rotation1": [
            0.0,
            3.1415927410125732,
            0.43633225560188293
        ],
        "rotation2": [
            0.0,
            3.1415927410125732,
            0.4363323152065277
        ],
        "rotation3": [
            0.0,
            3.1415927410125732,
            0.4363323152065277
        ],
        "rotation4": [
            0.0,
            3.1415927410125732,
            -0.4363323152065277
        ],
        "rotation5": [
            0.0,
            3.1415927410125732,
            -0.43633225560188293
        ],
        "rotation6": [
            0.0,
            3.1415927410125732,
            -0.4363323152065277
        ],
        "rotation7": [
            0.0,
            3.1415927410125732,
            -0.4363323152065277
        ]
    }
}
