{
    "Torch": {
        "globalColor": [
            0.21078431606292725,
            0.08679354935884476,
            0.0,
            1.0
        ],
        "globalScale": [
            1.5,
            3.0,
            1.5
        ],
        "position0": [
            29.5,
            7.0,
            -9.5
        ],
        "position1": [
            29.5,
            7.0,
            7.699999809265137
        ],
        "position10": [
            -7.699999809265137,
            7.0,
            29.5
        ],
        "position11": [
            7.699999809265137,
            7.0,
            29.5
        ],
        "position2": [
            29.5,
            7.0,
            21.350000381469727
        ],
        "position3": [
            29.5,
            7.0,
            -21.299999237060547
        ],
        "position4": [
            -29.5,
            7.0,
            -9.5
        ],
        "position5": [
            -29.5,
            7.0,
            7.699999809265137
        ],
        "position6": [
            -29.5,
            7.0,
            21.350000381469727
        ],
        "position7": [
            -29.5,
            7.0,
            -21.299999237060547
        ],
        "position8": [
            -21.299999237060547,
            7.0,
            29.5
        ],
        "position9": [
            21.350000381469727,
            7.0,
            29.5
        ],
        "rotation0": [
            0.0,
            3.1415927410125732,
            0.4363323152065277
        ],
        "rotation1": [
            0.0,
            3.1415927410125732,
            0.43633225560188293
        ],
        "rotation10": [
            0.4363323152065277,
            3.1415927410125732,
            0.0
        ],
        "rotation11": [
            0.4363323152065277,
            3.1415927410125732,
            0.0
        ],
        "rotation2": [
            0.0,
            3.1415927410125732,
            0.4363323152065277
        ],
        "rotation3": [
            0.0,
            3.1415927410125732,
            0.4363323152065277
        ],
        "rotation4": [
            0.0,
            3.1415927410125732,
            -0.4363323152065277
        ],
        "rotation5": [
            0.0,
            3.1415927410125732,
            -0.43633225560188293
        ],
        "rotation6": [
            0.0,
            3.1415927410125732,
            -0.4363323152065277
        ],
        "rotation7": [
            0.0,
            3.1415927410125732,
            -0.4363323152065277
        ],
        "rotation8": [
            0.43633225560188293,
            3.1415927410125732,
            0.0
        ],
        "rotation9": [
            0.43633225560188293,
            3.1415927410125732,
            0.0
        ]
    }
}
