{
    "emitters": [
        {
            "debugAABBColor": [
                1.0,
                0.0,
                0.0,
                1.0
            ],
            "emitCount": 2,
            "emitDirection": [
                0.0,
                0.0,
                0.0
            ],
            "emitFrequency": 0.009999999776482582,
            "emitterLifeTime": 0.10000000149011612,
            "emitterLifeTimeLoop": false,
            "emitterName": "BossHit_Emitter",
            "enableColorOverLifetime": true,
            "enableRotation": false,
            "enableSizeOverLifetime": true,
            "initialSpeed": 0.800000011920929,
            "isEmitting": true,
            "particleEndColor": [
                0.0,
                0.007497185841202736,
                0.12745100259780884,
                0.0
            ],
            "particleEndScale": [
                0.0,
                0.0,
                0.0
            ],
            "particleLifeTimeMax": 3.0,
            "particleLifeTimeMin": 1.0,
            "particleRotateMax": [
                0.0,
                0.0,
                0.0
            ],
            "particleRotateMin": [
                0.0,
                0.0,
                0.0
            ],
            "particleScaleMax": [
                1.0,
                1.0,
                1.0
            ],
            "particleScaleMin": [
                1.0,
                1.0,
                1.0
            ],
            "particleStartColor": [
                0.0,
                2.384185791015625e-07,
                1.0,
                1.0
            ],
            "particleStartScale": [
                1.0,
                1.0,
                1.0
            ],
            "position": [
                -9.199999809265137,
                4.300000190734863,
                0.0
            ],
            "rotation": [
                0.0,
                0.0,
                0.0
            ],
            "rotationSpeed": [
                0.0,
                0.0,
                0.0
            ],
            "scale": [
                1.0,
                1.0,
                1.0
            ],
            "showDebugAABB": false,
            "spawnArea": {
                "max": [
                    0.30000001192092896,
                    0.30000001192092896,
                    0.30000001192092896
                ],
                "min": [
                    -0.30000001192092896,
                    -0.30000001192092896,
                    -0.30000001192092896
                ]
            },
            "spreadAngle": 180.0,
            "targetGroupName": "BossHit_Particle",
            "useDirectionalEmit": true,
            "useEmitterLifeTime": true,
            "velocityRange": 1.0
        }
    ],
    "fields": [],
    "groups": [
        {
            "groupName": "BossHit_Particle",
            "maxParticles": 100,
            "modelTag": "plane",
            "textureName": "circle",
            "useBillboard": true
        }
    ],
    "presetName": "BossHit"
}
