{
    "emitters": [
        {
            "debugAABBColor": [
                1.0,
                0.0,
                0.0,
                1.0
            ],
            "emitCount": 16,
            "emitDirection": [
                -0.9796137809753418,
                -0.19344989955425262,
                -0.054165612906217575
            ],
            "emitFrequency": 0.10000000149011612,
            "emitterLifeTime": 0.10000000149011612,
            "emitterLifeTimeLoop": false,
            "emitterName": "BossHit_Emitter",
            "enableColorOverLifetime": true,
            "enableRotation": false,
            "enableSizeOverLifetime": true,
            "initialSpeed": 3.0,
            "isEmitting": true,
            "particleEndColor": [
                0.0,
                0.01312039140611887,
                0.44607841968536377,
                0.0
            ],
            "particleEndScale": [
                0.0,
                0.0,
                0.0
            ],
            "particleLifeTimeMax": 3.0,
            "particleLifeTimeMin": 1.0,
            "particleRotateMax": [
                0.0,
                0.0,
                0.0
            ],
            "particleRotateMin": [
                0.0,
                0.0,
                0.0
            ],
            "particleScaleMax": [
                1.0,
                1.0,
                1.0
            ],
            "particleScaleMin": [
                1.0,
                1.0,
                1.0
            ],
            "particleStartColor": [
                0.0,
                0.03171885758638382,
                0.2696078419685364,
                1.0
            ],
            "particleStartScale": [
                1.5,
                1.5,
                1.5
            ],
            "position": [
                -9.199999809265137,
                4.300000190734863,
                0.0
            ],
            "rotation": [
                0.0,
                0.0,
                0.0
            ],
            "rotationSpeed": [
                0.0,
                0.0,
                0.0
            ],
            "scale": [
                1.0,
                1.0,
                1.0
            ],
            "showDebugAABB": false,
            "spawnArea": {
                "max": [
                    0.30000001192092896,
                    0.30000001192092896,
                    0.30000001192092896
                ],
                "min": [
                    -0.30000001192092896,
                    -0.30000001192092896,
                    -0.30000001192092896
                ]
            },
            "spreadAngle": 95.02799987792969,
            "targetGroupName": "BossHit_Particle",
            "useDirectionalEmit": true,
            "useEmitterLifeTime": true,
            "velocityRange": 1.0
        }
    ],
    "fields": [],
    "groups": [
        {
            "groupName": "BossHit_Particle",
            "maxParticles": 100,
            "modelTag": "plane",
            "textureName": "circle",
            "useBillboard": true
        }
    ],
    "presetName": "BossHit"
}
