{
    "emitters": [
        {
            "debugAABBColor": [
                1.0,
                0.0,
                0.0,
                1.0
            ],
            "emitCount": 1,
            "emitDirection": [
                0.0,
                1.0,
                0.0
            ],
            "emitFrequency": 0.009999999776482582,
            "emitterLifeTime": 2.0,
            "emitterLifeTimeLoop": false,
            "emitterName": "BreakSmoke_Emitter",
            "enableColorOverLifetime": true,
            "enableRotation": false,
            "enableSizeOverLifetime": true,
            "initialSpeed": 3.4000000953674316,
            "isEmitting": false,
            "particleEndColor": [
                0.14215683937072754,
                0.14215683937072754,
                0.14215683937072754,
                0.0
            ],
            "particleEndScale": [
                0.0,
                0.0,
                0.0
            ],
            "particleLifeTimeMax": 3.0,
            "particleLifeTimeMin": 1.0,
            "particleRotateMax": [
                0.0,
                0.0,
                0.0
            ],
            "particleRotateMin": [
                0.0,
                0.0,
                0.0
            ],
            "particleScaleMax": [
                1.0,
                1.0,
                1.0
            ],
            "particleScaleMin": [
                1.0,
                1.0,
                1.0
            ],
            "particleStartColor": [
                0.07352942228317261,
                0.041514020413160324,
                0.019103234633803368,
                1.0
            ],
            "particleStartScale": [
                1.0,
                1.0,
                1.0
            ],
            "position": [
                -3.4000000953674316,
                -4.300000190734863,
                0.0
            ],
            "rotation": [
                0.0,
                0.0,
                0.0
            ],
            "rotationSpeed": [
                0.0,
                0.0,
                0.0
            ],
            "scale": [
                1.0,
                1.0,
                1.0
            ],
            "showDebugAABB": false,
            "spawnArea": {
                "max": [
                    0.5,
                    0.5,
                    0.5
                ],
                "min": [
                    -0.5,
                    -0.5,
                    -0.5
                ]
            },
            "spreadAngle": 1.74399995803833,
            "targetGroupName": "BreakSmoke",
            "useDirectionalEmit": true,
            "useEmitterLifeTime": true,
            "velocityRange": 1.0
        }
    ],
    "fields": [],
    "groups": [
        {
            "groupName": "BreakSmoke",
            "maxParticles": 206,
            "modelTag": "plane",
            "textureName": "circle",
            "useBillboard": true
        }
    ],
    "presetName": "BreakSmokeEffect"
}
