{
    "emitters": [
        {
            "debugAABBColor": [
                1.0,
                0.0,
                0.0,
                1.0
            ],
            "emitCount": 1,
            "emitDirection": [
                0.0,
                1.0,
                0.0
            ],
            "emitFrequency": 0.009999999776482582,
            "emitterLifeTime": 5.0,
            "emitterLifeTimeLoop": true,
            "emitterName": "BreakSmoke_Emitter",
            "enableColorOverLifetime": true,
            "enableRotation": false,
            "enableSizeOverLifetime": true,
            "initialSpeed": 2.299999952316284,
            "isEmitting": false,
            "particleEndColor": [
                0.15196079015731812,
                0.15196079015731812,
                0.15196079015731812,
                0.0
            ],
            "particleEndScale": [
                0.0,
                0.8999999761581421,
                0.0
            ],
            "particleLifeTimeMax": 3.0,
            "particleLifeTimeMin": 1.0,
            "particleRotateMax": [
                0.0,
                0.0,
                0.0
            ],
            "particleRotateMin": [
                0.0,
                0.0,
                0.0
            ],
            "particleScaleMax": [
                1.0,
                1.0,
                1.0
            ],
            "particleScaleMin": [
                1.0,
                1.0,
                1.0
            ],
            "particleStartColor": [
                0.019607841968536377,
                0.019607841968536377,
                0.019607841968536377,
                1.0
            ],
            "particleStartScale": [
                1.0,
                1.0,
                1.0
            ],
            "position": [
                -6.900000095367432,
                0.0,
                0.0
            ],
            "rotation": [
                0.0,
                0.0,
                0.0
            ],
            "rotationSpeed": [
                0.0,
                0.0,
                0.0
            ],
            "scale": [
                1.0,
                1.0,
                1.0
            ],
            "showDebugAABB": false,
            "spawnArea": {
                "max": [
                    0.5,
                    0.5,
                    0.5
                ],
                "min": [
                    -0.5,
                    -0.5,
                    -0.5
                ]
            },
            "spreadAngle": 30.128999710083008,
            "targetGroupName": "BreakSmoke",
            "useDirectionalEmit": true,
            "useEmitterLifeTime": false,
            "velocityRange": 1.0
        }
    ],
    "fields": [],
    "groups": [
        {
            "groupName": "BreakSmoke",
            "maxParticles": 206,
            "modelTag": "plane",
            "textureName": "circle",
            "useBillboard": true
        }
    ],
    "presetName": "BreakSmokeEffect"
}
