{
    "emitters": [
        {
            "debugAABBColor": [
                1.0,
                0.0,
                0.0,
                1.0
            ],
            "emitCount": 3,
            "emitDirection": [
                0.0,
                1.0,
                0.0
            ],
            "emitFrequency": 1.0,
            "emitterLifeTime": 5.0,
            "emitterLifeTimeLoop": false,
            "emitterName": "Field_Emitter",
            "enableColorOverLifetime": true,
            "enableRotation": false,
            "enableSizeOverLifetime": true,
            "initialSpeed": 1.0,
            "isEmitting": true,
            "particleEndColor": [
                1.0,
                0.024509787559509277,
                0.024509787559509277,
                0.0
            ],
            "particleEndScale": [
                1.0,
                1.0,
                1.0
            ],
            "particleLifeTimeMax": 3.0,
            "particleLifeTimeMin": 1.0,
            "particleRotateMax": [
                0.0,
                0.0,
                0.0
            ],
            "particleRotateMin": [
                0.0,
                0.0,
                0.0
            ],
            "particleScaleMax": [
                1.0,
                1.0,
                1.0
            ],
            "particleScaleMin": [
                1.0,
                1.0,
                1.0
            ],
            "particleStartColor": [
                0.970588207244873,
                0.4680820405483246,
                0.15700682997703552,
                1.0
            ],
            "particleStartScale": [
                0.10000000149011612,
                0.10000000149011612,
                0.10000000149011612
            ],
            "position": [
                0.0,
                5.5,
                0.0
            ],
            "rotation": [
                0.0,
                0.0,
                0.0
            ],
            "rotationSpeed": [
                0.0,
                0.0,
                0.0
            ],
            "scale": [
                1.0,
                1.0,
                1.0
            ],
            "showDebugAABB": false,
            "spawnArea": {
                "max": [
                    30.0,
                    0.5,
                    30.0
                ],
                "min": [
                    -30.0,
                    -0.5,
                    -30.0
                ]
            },
            "spreadAngle": 30.0,
            "targetGroupName": "Field_Particle",
            "useDirectionalEmit": false,
            "useEmitterLifeTime": false,
            "velocityRange": 1.0
        }
    ],
    "fields": [],
    "groups": [
        {
            "groupName": "Field_Particle",
            "maxParticles": 252,
            "modelTag": "plane",
            "textureName": "circle",
            "useBillboard": true
        }
    ],
    "presetName": "FieldEffect"
}
