{
    "emitters": [
        {
            "debugAABBColor": [
                1.0,
                0.0,
                0.0,
                1.0
            ],
            "emitCount": 2,
            "emitDirection": [
                0.0,
                1.0,
                0.0
            ],
            "emitFrequency": 0.009999999776482582,
            "emitterLifeTime": 5.0,
            "emitterLifeTimeLoop": true,
            "emitterName": "WalkSmoke_Emitter",
            "enableColorOverLifetime": true,
            "enableRotation": false,
            "enableSizeOverLifetime": true,
            "initialSpeed": 1.0,
            "isEmitting": true,
            "particleEndColor": [
                0.0,
                0.0,
                0.0,
                0.0
            ],
            "particleEndScale": [
                6.0,
                6.0,
                6.0
            ],
            "particleLifeTimeMax": 1.600000023841858,
            "particleLifeTimeMin": 1.0,
            "particleRotateMax": [
                0.0,
                0.0,
                0.0
            ],
            "particleRotateMin": [
                0.0,
                0.0,
                0.0
            ],
            "particleScaleMax": [
                1.0,
                1.0,
                1.0
            ],
            "particleScaleMin": [
                1.0,
                1.0,
                1.0
            ],
            "particleStartColor": [
                0.05392158031463623,
                0.05392158031463623,
                0.05392158031463623,
                1.0
            ],
            "particleStartScale": [
                0.10000000149011612,
                0.10000000149011612,
                0.10000000149011612
            ],
            "position": [
                -3.299999952316284,
                0.0,
                0.0
            ],
            "rotation": [
                0.0,
                0.0,
                0.0
            ],
            "rotationSpeed": [
                0.0,
                0.0,
                0.0
            ],
            "scale": [
                1.0,
                1.0,
                1.0
            ],
            "showDebugAABB": false,
            "spawnArea": {
                "max": [
                    1.5,
                    0.5,
                    1.5
                ],
                "min": [
                    -1.5,
                    0.0,
                    -1.5
                ]
            },
            "spreadAngle": 30.2189998626709,
            "targetGroupName": "WalkSmoke_Particle",
            "useDirectionalEmit": true,
            "useEmitterLifeTime": false,
            "velocityRange": 1.0
        }
    ],
    "fields": [],
    "groups": [
        {
            "groupName": "WalkSmoke_Particle",
            "maxParticles": 200,
            "modelTag": "plane",
            "textureName": "circle",
            "useBillboard": true
        }
    ],
    "presetName": "WalkSmokeEffect"
}
